{
  "algorithm": "vqe",
  "config": {
    "num_qubits": 4,
    "ansatz_type": "hardware_efficient",
    "num_layers": 2,
    "optimizer": "adam",
    "learning_rate": 0.01,
    "max_iterations": 100,
    "shots": 1024
  },
  "result": {
    "success": true,
    "final_energy": 0.10080665504744372,
    "parameters": [
      -2.0560893843787316,
      -2.300607936615605,
      1.712475641369989,
      -2.6057944905497346,
      0.04587320837568498,
      -2.651777524583413,
      1.8285913073228577,
      1.244724252003921,
      0.9410663696384325,
      -2.471601730946939,
      2.790808606132424,
      1.4944480707716976,
      1.6530874843650856,
      -0.49901029410324016,
      0.3767148735326944,
      -0.4813677852161753
    ],
    "convergence_history": [
      1.8475693524781034,
      1.7460185268047974,
      1.6560889520876092,
      1.5999177945282979,
      1.552858116034706,
      1.4333712711499478,
      1.3909044831174924,
      1.2717723264306025,
      1.2135264893702085,
      1.1626143456288047,
      1.106656839826344,
      1.0620640798785543,
      0.9673086688477486,
      0.9025594715032549,
      0.8989188313074645,
      0.8891817399643166,
      0.7981567434674341,
      0.7873341119629228,
      0.7792424624711491,
      0.7115447265907888,
      0.6877201792674376,
      0.6664765948319744,
      0.6679174613031919,
      0.6303297258711579,
      0.5535150433000561,
      0.4841155550423031,
      0.4787107921870164,
      0.40522130776598664,
      0.3436218999977674,
      0.30470016902144054,
      0.3248109459752631,
      0.28558046859333497,
      0.23136574764377588,
      0.24753139083548062,
      0.19100754474845422,
      0.18027372945522321,
      0.14503032331115656,
      0.18491015417913675,
      0.20400919338206763,
      0.15502309318227792,
      0.10437417432352372,
      0.10375744493379746,
      0.11735581484910917,
      0.15986838327560532,
      0.15334890369599885,
      0.14392689366636374,
      0.09383715573961576,
      0.06791990390934773,
      0.08575385302834473,
      0.12078693692708829,
      0.08851573405331711,
      0.11154480931154041,
      0.1507376776376939,
      0.1649488429312312,
      0.15466989014323074,
      0.10904443667509811,
      0.07113526495851041,
      0.02678577821863,
      0.00755010102536775,
      0.010931379828944564,
      0.05402045919063545,
      0.05671377911721099,
      0.08026469747288098,
      0.07294991919215588,
      0.10739081938597732,
      0.1279135804601843,
      0.12061174879933168,
      0.1336259807102024,
      0.13973607476350802,
      0.17177114457958137,
      0.14202901559264677,
      0.10882513263087086,
      0.09128230307775384,
      0.13186178855031144,
      0.16092223222289137,
      0.16938509228634055,
      0.14907757731265742,
      0.14136830184645274,
      0.17294480501893372,
      0.20290866746073005,
      0.21419747021769542,
      0.1789409975394203,
      0.2090039290478386,
      0.21675123232811466,
      0.1649494027484365,
      0.19572292519135853,
      0.14869343942472737,
      0.09472877239480046,
      0.11586328696914801,
      0.15956331779087396,
      0.12547165167901173,
      0.09493255964179294,
      0.08697683518622094,
      0.12253387081320855,
      0.14533928013212266,
      0.1321898867860586,
      0.14953746126533596,
      0.13565325782363868,
      0.08070784213040355,
      0.10080665504744372
    ],
    "execution_time_ms": 5167.6483154296875
  }
}